{
  "subjective_fatigue": {
    "low": {
      "Peak": 0.7850211039809866,
      "Well-adapted": 0.1333898547782735,
      "FOR": 0.00010400212301867566,
      "Acute Fatigue": 1.2776734855825534e-06,
      "NFOR": 2.188314970033167e-09,
      "OTS": 5.9934561665802815e-22
    },
    "medium": {
      "Peak": 0.21497889601901354,
      "Well-adapted": 0.8666101452217265,
      "FOR": 0.17290195076964793,
      "Acute Fatigue": 0.03937242177415215,
      "NFOR": 0.0008797790839244076,
      "OTS": 8.905476533050657e-05
    },
    "high": {
      "Peak": 1.5080115549608676e-23,
      "Well-adapted": 2.509897043829202e-17,
      "FOR": 0.8269940471073335,
      "Acute Fatigue": 0.9606263005523623,
      "NFOR": 0.9991202187277606,
      "OTS": 0.9999109452346695
    }
  },
  "muscle_soreness": {
    "low": {
      "Peak": 0.9437733895259602,
      "Well-adapted": 0.19591204226725492,
      "FOR": 0.00045774329167752126,
      "Acute Fatigue": 1.327709179121754e-06,
      "NFOR": 2.273903682169065e-09,
      "OTS": 1.15168154585918e-19
    },
    "medium": {
      "Peak": 0.0562266104740398,
      "Well-adapted": 0.804087957732745,
      "FOR": 0.1725482096009891,
      "Acute Fatigue": 0.03937237173845861,
      "NFOR": 0.0008797789983356954,
      "OTS": 8.905476533050647e-05
    },
    "high": {
      "Peak": 1.5080115549608676e-23,
      "Well-adapted": 2.509897043829202e-17,
      "FOR": 0.8269940471073335,
      "Acute Fatigue": 0.9606263005523623,
      "NFOR": 0.9991202187277606,
      "OTS": 0.9999109452346695
    }
  },
  "subjective_stress": {
    "low": {
      "Peak": 0.9437733895259602,
      "Well-adapted": 0.19591204226725492,
      "FOR": 0.00045774329167752126,
      "Acute Fatigue": 1.327709179121754e-06,
      "NFOR": 2.273903682169065e-09,
      "OTS": 1.15168154585918e-19
    },
    "medium": {
      "Peak": 0.0562266104740398,
      "Well-adapted": 0.804087957732745,
      "FOR": 0.1725482096009891,
      "Acute Fatigue": 0.03937237173845861,
      "NFOR": 0.0008797789983356954,
      "OTS": 8.905476533050647e-05
    },
    "high": {
      "Peak": 1.5080115549608676e-23,
      "Well-adapted": 2.509897043829202e-17,
      "FOR": 0.8269940471073335,
      "Acute Fatigue": 0.9606263005523623,
      "NFOR": 0.9991202187277606,
      "OTS": 0.9999109452346695
    }
  },
  "subjective_sleep": {
    "good": {
      "Peak": 0.0,
      "Well-adapted": 0.0,
      "FOR": 0.0,
      "Acute Fatigue": 0.0,
      "NFOR": 0.0,
      "OTS": 0.0
    },
    "medium": {
      "Peak": 1.0,
      "Well-adapted": 1.0,
      "FOR": 1.0,
      "Acute Fatigue": 1.0,
      "NFOR": 1.0,
      "OTS": 1.0
    },
    "poor": {
      "Peak": 0.0,
      "Well-adapted": 0.0,
      "FOR": 0.0,
      "Acute Fatigue": 0.0,
      "NFOR": 0.0,
      "OTS": 0.0
    }
  },
  "sleep_performance": {
    "good": {
      "Peak": 0.7850211039809866,
      "Well-adapted": 0.1333898547782735,
      "FOR": 0.00010400212301867566,
      "Acute Fatigue": 1.2776734855825534e-06,
      "NFOR": 2.188314970033167e-09,
      "OTS": 5.9934561665802815e-22
    },
    "medium": {
      "Peak": 0.21497889601901354,
      "Well-adapted": 0.8666101452217265,
      "FOR": 0.17290195076964793,
      "Acute Fatigue": 0.03937242177415215,
      "NFOR": 0.0008797790839244076,
      "OTS": 8.905476533050657e-05
    },
    "poor": {
      "Peak": 1.5080115549608676e-23,
      "Well-adapted": 2.509897043829202e-17,
      "FOR": 0.8269940471073335,
      "Acute Fatigue": 0.9606263005523623,
      "NFOR": 0.9991202187277606,
      "OTS": 0.9999109452346695
    }
  },
  "hrv_trend": {
    "rising": {
      "Peak": 0.5060448433314747,
      "Well-adapted": 0.07129519338762694,
      "FOR": 0.00011419443663727987,
      "Acute Fatigue": 1.287069922516154e-06,
      "NFOR": 2.2043530221450414e-09,
      "OTS": 2.833239077486973e-20
    },
    "stable": {
      "Peak": 0.49176272691050776,
      "Well-adapted": 0.857884616597279,
      "FOR": 0.13033265674151848,
      "Acute Fatigue": 0.033326128422993005,
      "NFOR": 0.0008449208025888417,
      "OTS": 7.886433483516278e-05
    },
    "slight_decline": {
      "Peak": 0.002192429758017442,
      "Well-adapted": 0.07082019001509411,
      "FOR": 0.4669727676547147,
      "Acute Fatigue": 0.6674340814796288,
      "NFOR": 0.4576470195330583,
      "OTS": 0.2810856235756241
    },
    "significant_decline": {
      "Peak": 8.112619300941883e-27,
      "Well-adapted": 3.214066636795674e-22,
      "FOR": 0.40258038116712963,
      "Acute Fatigue": 0.29923850302745575,
      "NFOR": 0.5415080574599997,
      "OTS": 0.7188355120895408
    }
  },
  "nutrition": {
    "adequate": {
      "Peak": 0.5,
      "Well-adapted": 0.6,
      "FOR": 0.5,
      "Acute Fatigue": 0.7,
      "NFOR": 0.4,
      "OTS": 0.3
    },
    "inadequate_mild": {
      "Peak": 0.4,
      "Well-adapted": 0.4,
      "FOR": 0.45,
      "Acute Fatigue": 0.4,
      "NFOR": 0.5,
      "OTS": 0.45
    },
    "inadequate_moderate": {
      "Peak": 0.3,
      "Well-adapted": 0.35,
      "FOR": 0.42,
      "Acute Fatigue": 0.35,
      "NFOR": 0.55,
      "OTS": 0.6
    },
    "inadequate_severe": {
      "Peak": 0.1,
      "Well-adapted": 0.15,
      "FOR": 0.4,
      "Acute Fatigue": 0.3,
      "NFOR": 0.6,
      "OTS": 0.7
    }
  },
  "restorative_sleep": {
    "high": {
      "Peak": 0.9437733895259602,
      "Well-adapted": 0.19591204226725492,
      "FOR": 0.00045774329167752126,
      "Acute Fatigue": 1.327709179121754e-06,
      "NFOR": 2.273903682169065e-09,
      "OTS": 1.15168154585918e-19
    },
    "medium": {
      "Peak": 0.0562266104740398,
      "Well-adapted": 0.804087957732745,
      "FOR": 0.1725482096009891,
      "Acute Fatigue": 0.03937237173845861,
      "NFOR": 0.0008797789983356954,
      "OTS": 8.905476533050647e-05
    },
    "low": {
      "Peak": 1.5080115549608676e-23,
      "Well-adapted": 2.509897043829202e-17,
      "FOR": 0.8269940471073335,
      "Acute Fatigue": 0.9606263005523623,
      "NFOR": 0.9991202187277606,
      "OTS": 0.9999109452346695
    }
  },
  "gi_symptoms": {
    "none": {
      "Peak": 0.9,
      "Well-adapted": 0.85,
      "FOR": 0.8,
      "Acute Fatigue": 0.7,
      "NFOR": 0.5,
      "OTS": 0.4
    },
    "mild": {
      "Peak": 0.05,
      "Well-adapted": 0.1,
      "FOR": 0.15,
      "Acute Fatigue": 0.25,
      "NFOR": 0.4,
      "OTS": 0.4
    },
    "severe": {
      "Peak": 1e-06,
      "Well-adapted": 1e-06,
      "FOR": 0.05,
      "Acute Fatigue": 0.05,
      "NFOR": 0.1,
      "OTS": 0.2
    }
  },
  "is_sick": {
    "true": {
      "Peak": 1e-09,
      "Well-adapted": 1e-06,
      "FOR": 0.05,
      "Acute Fatigue": 0.4,
      "NFOR": 0.8,
      "OTS": 0.9
    }
  },
  "is_injured": {
    "true": {
      "Peak": 1e-09,
      "Well-adapted": 1e-06,
      "FOR": 0.1,
      "Acute Fatigue": 0.5,
      "NFOR": 0.7,
      "OTS": 0.6
    }
  },
  "high_stress_event_today": {
    "true": {
      "Peak": 0.05,
      "Well-adapted": 0.15,
      "FOR": 0.25,
      "Acute Fatigue": 0.3,
      "NFOR": 0.5,
      "OTS": 0.4
    }
  },
  "meditation_done_today": {
    "true": {
      "Peak": 0.55,
      "Well-adapted": 0.5,
      "FOR": 0.45,
      "Acute Fatigue": 0.4,
      "NFOR": 0.35,
      "OTS": 0.3
    }
  }
}