{
  "subjective_fatigue": {
    "low": {
      "Peak": 0.8427764310099968,
      "Well-adapted": 0.640321284032736,
      "FOR": 0.208381583717233,
      "Acute Fatigue": 0.049581992772560216,
      "NFOR": 0.05021434200129326,
      "OTS": 1.0526304554330351e-06
    },
    "medium": {
      "Peak": 0.1572225198054511,
      "Well-adapted": 0.3596777159682639,
      "FOR": 0.16984415439417447,
      "Acute Fatigue": 0.14886701018916285,
      "NFOR": 0.10044290212357325,
      "OTS": 0.05263150807482093
    },
    "high": {
      "Peak": 1.049184552173103e-06,
      "Well-adapted": 9.99999000001e-07,
      "FOR": 0.6217742618885924,
      "Acute Fatigue": 0.8015509970382769,
      "NFOR": 0.8493427558751335,
      "OTS": 0.9473674392947236
    }
  },
  "muscle_soreness": {
    "low": {
      "Peak": 0.8950270127480955,
      "Well-adapted": 0.6948763257923514,
      "FOR": 0.2800718327001627,
      "Acute Fatigue": 0.09916396919357488,
      "NFOR": 0.09562684479597576,
      "OTS": 0.19999994410892796
    },
    "medium": {
      "Peak": 0.10497188379306575,
      "Well-adapted": 0.30512267420864875,
      "FOR": 0.40308590222531115,
      "Acute Fatigue": 0.29761293744820067,
      "NFOR": 0.3825209172130318,
      "OTS": 0.49999986028308374
    },
    "high": {
      "Peak": 1.10345883872943e-06,
      "Well-adapted": 9.99999000001e-07,
      "FOR": 0.31684226507452606,
      "Acute Fatigue": 0.6032230933582244,
      "NFOR": 0.5218522379909926,
      "OTS": 0.3000001956079883
    }
  },
  "subjective_stress": {
    "low": {
      "Peak": 0.8950270127480955,
      "Well-adapted": 0.6506102044462623,
      "FOR": 0.3810619570862507,
      "Acute Fatigue": 0.19832792103360114,
      "NFOR": 0.09562684479597576,
      "OTS": 9.99999000001e-07
    },
    "medium": {
      "Peak": 0.10497188379306575,
      "Well-adapted": 0.34938879555473773,
      "FOR": 0.47988246618655667,
      "Acute Fatigue": 0.49594084112825315,
      "NFOR": 0.2868940725487811,
      "OTS": 0.1999997441199477
    },
    "high": {
      "Peak": 1.10345883872943e-06,
      "Well-adapted": 9.99999000001e-07,
      "FOR": 0.13905557672719274,
      "Acute Fatigue": 0.3057312378381457,
      "NFOR": 0.6174790826552432,
      "OTS": 0.7999992558810524
    }
  },
  "subjective_sleep": {
    "good": {
      "Peak": 0.8408109628322025,
      "Well-adapted": 0.6851524355863455,
      "FOR": 0.3513882305256363,
      "Acute Fatigue": 0.3999511648564858,
      "NFOR": 0.13043317684086753,
      "OTS": 0.09999999999892362
    },
    "medium": {
      "Peak": 0.15918798461816494,
      "Well-adapted": 0.31484656441465453,
      "FOR": 0.4729176542115456,
      "Acute Fatigue": 0.40007325271527133,
      "NFOR": 0.30435639018204,
      "OTS": 0.20000000000861107
    },
    "poor": {
      "Peak": 1.0525496326273799e-06,
      "Well-adapted": 9.99999000001e-07,
      "FOR": 0.17569411526281814,
      "Acute Fatigue": 0.1999755824282429,
      "NFOR": 0.5652104329770926,
      "OTS": 0.6999999999924653
    }
  },
  "sleep_performance": {
    "good": {
      "Peak": 0.8032672483490403,
      "Well-adapted": 0.640321284032736,
      "FOR": 0.23815747553199001,
      "Acute Fatigue": 0.34707384829263893,
      "NFOR": 0.19125368945643162,
      "OTS": 0.14999995808169597
    },
    "medium": {
      "Peak": 0.1967317516519598,
      "Well-adapted": 0.3596777159682639,
      "FOR": 0.47989576089216607,
      "Acute Fatigue": 0.4959408416292547,
      "NFOR": 0.38252091721682646,
      "OTS": 0.34999990220138777
    },
    "poor": {
      "Peak": 9.99999000001e-07,
      "Well-adapted": 9.99999000001e-07,
      "FOR": 0.2819467635758439,
      "Acute Fatigue": 0.15698531007810634,
      "NFOR": 0.42622539332674175,
      "OTS": 0.5000001397169163
    }
  },
  "hrv_trend": {
    "rising": {
      "Peak": 0.6492777620037334,
      "Well-adapted": 0.29158210172242993,
      "FOR": 0.09526651759100045,
      "Acute Fatigue": 0.09916396879500243,
      "NFOR": 0.04781342246082946,
      "OTS": 0.010526312693015445
    },
    "stable": {
      "Peak": 0.31408197096489293,
      "Well-adapted": 0.5592955499332756,
      "FOR": 0.19303756249625748,
      "Acute Fatigue": 0.19843689079876642,
      "NFOR": 0.09564006612546583,
      "OTS": 0.0526315634756563
    },
    "slight_decline": {
      "Peak": 0.03663948656185865,
      "Well-adapted": 0.14912080004911668,
      "FOR": 0.30932468704036964,
      "Acute Fatigue": 0.30301207506719785,
      "NFOR": 0.16338923440876943,
      "OTS": 0.09473689057831813
    },
    "significant_decline": {
      "Peak": 7.80469515087001e-07,
      "Well-adapted": 1.5482951777403496e-06,
      "FOR": 0.4023712328723724,
      "Acute Fatigue": 0.3993870653390333,
      "NFOR": 0.6931572770049353,
      "OTS": 0.8421052332530101
    }
  },
  "nutrition": {
    "adequate": {
      "Peak": 0.5,
      "Well-adapted": 0.6,
      "FOR": 0.5,
      "Acute Fatigue": 0.7,
      "NFOR": 0.4,
      "OTS": 0.3
    },
    "inadequate_mild": {
      "Peak": 0.4,
      "Well-adapted": 0.4,
      "FOR": 0.45,
      "Acute Fatigue": 0.4,
      "NFOR": 0.5,
      "OTS": 0.45
    },
    "inadequate_moderate": {
      "Peak": 0.3,
      "Well-adapted": 0.35,
      "FOR": 0.42,
      "Acute Fatigue": 0.35,
      "NFOR": 0.55,
      "OTS": 0.6
    },
    "inadequate_severe": {
      "Peak": 0.1,
      "Well-adapted": 0.15,
      "FOR": 0.4,
      "Acute Fatigue": 0.3,
      "NFOR": 0.6,
      "OTS": 0.7
    }
  },
  "restorative_sleep": {
    "high": {
      "Peak": 0.6950665691337233,
      "Well-adapted": 0.5304958886298712,
      "FOR": 0.31589342330275966,
      "Acute Fatigue": 0.23298322733626153,
      "NFOR": 0.04781342246385042,
      "OTS": 1.0526304554330351e-06
    },
    "medium": {
      "Peak": 0.30493262075622485,
      "Well-adapted": 0.4019151188888723,
      "FOR": 0.4251188311801513,
      "Acute Fatigue": 0.40786285163325803,
      "NFOR": 0.23908065021665575,
      "OTS": 0.15789452420180214
    },
    "low": {
      "Peak": 8.101100517931418e-07,
      "Well-adapted": 0.06758899248125648,
      "FOR": 0.2589877455170891,
      "Acute Fatigue": 0.35915392103048044,
      "NFOR": 0.7131059273194938,
      "OTS": 0.8421044231677424
    }
  },
  "gi_symptoms": {
    "none": {
      "Peak": 0.9,
      "Well-adapted": 0.85,
      "FOR": 0.8,
      "Acute Fatigue": 0.7,
      "NFOR": 0.5,
      "OTS": 0.4
    },
    "mild": {
      "Peak": 0.05,
      "Well-adapted": 0.1,
      "FOR": 0.15,
      "Acute Fatigue": 0.25,
      "NFOR": 0.4,
      "OTS": 0.4
    },
    "severe": {
      "Peak": 1e-06,
      "Well-adapted": 1e-06,
      "FOR": 0.05,
      "Acute Fatigue": 0.05,
      "NFOR": 0.1,
      "OTS": 0.2
    }
  },
  "is_sick": {
    "true": {
      "Peak": 1e-09,
      "Well-adapted": 1e-06,
      "FOR": 0.05,
      "Acute Fatigue": 0.4,
      "NFOR": 0.8,
      "OTS": 0.9
    }
  },
  "is_injured": {
    "true": {
      "Peak": 1e-09,
      "Well-adapted": 1e-06,
      "FOR": 0.1,
      "Acute Fatigue": 0.5,
      "NFOR": 0.7,
      "OTS": 0.6
    }
  },
  "high_stress_event_today": {
    "true": {
      "Peak": 0.05,
      "Well-adapted": 0.15,
      "FOR": 0.25,
      "Acute Fatigue": 0.3,
      "NFOR": 0.5,
      "OTS": 0.4
    }
  },
  "meditation_done_today": {
    "true": {
      "Peak": 0.55,
      "Well-adapted": 0.5,
      "FOR": 0.45,
      "Acute Fatigue": 0.4,
      "NFOR": 0.35,
      "OTS": 0.3
    }
  }
}