{
  "status": "ok",
  "physiological_age": 20,
  "physiological_age_weighted": 22.9,
  "best_cost": 0.6211608227604767,
  "best_age_zscores": {
    "z_sdnn": -0.2844444444444443,
    "z_rhr": 0.5033333333333332,
    "z_css": 1.2352941176470589
  },
  "window_days_used": 30,
  "data_days_count": 30
}