{
  "subjective_fatigue": {
    "low": {
      "Peak": 0.8421043767322349,
      "Well-adapted": 0.6999993000007,
      "FOR": 0.2173913043478261,
      "Acute Fatigue": 0.05,
      "NFOR": 0.05263157894736842,
      "OTS": 1.0526304709152937e-06
    },
    "medium": {
      "Peak": 0.15789457063729403,
      "Well-adapted": 0.2999997000003,
      "FOR": 0.1739130434782609,
      "Acute Fatigue": 0.15,
      "NFOR": 0.10526315789473684,
      "OTS": 0.05263152354576469
    },
    "high": {
      "Peak": 1.0526304709152937e-06,
      "Well-adapted": 9.99999000001e-07,
      "FOR": 0.6086956521739131,
      "Acute Fatigue": 0.8,
      "NFOR": 0.8421052631578947,
      "OTS": 0.9473674238237645
    }
  },
  "muscle_soreness": {
    "low": {
      "Peak": 0.8888879012356653,
      "Well-adapted": 0.7499992500007501,
      "FOR": 0.2916666666666667,
      "Acute Fatigue": 0.1,
      "NFOR": 0.1,
      "OTS": 0.2
    },
    "medium": {
      "Peak": 0.11111098765445816,
      "Well-adapted": 0.24999975000025002,
      "FOR": 0.4166666666666667,
      "Acute Fatigue": 0.3,
      "NFOR": 0.4,
      "OTS": 0.5
    },
    "high": {
      "Peak": 1.1111098765445815e-06,
      "Well-adapted": 9.99999000001e-07,
      "FOR": 0.2916666666666667,
      "Acute Fatigue": 0.6,
      "NFOR": 0.5,
      "OTS": 0.3
    }
  },
  "subjective_stress": {
    "low": {
      "Peak": 0.8888879012356653,
      "Well-adapted": 0.6999993000007,
      "FOR": 0.4,
      "Acute Fatigue": 0.2,
      "NFOR": 0.1,
      "OTS": 9.999990000009998e-07
    },
    "medium": {
      "Peak": 0.11111098765445816,
      "Well-adapted": 0.2999997000003,
      "FOR": 0.5,
      "Acute Fatigue": 0.5,
      "NFOR": 0.3,
      "OTS": 0.19999980000019998
    },
    "high": {
      "Peak": 1.1111098765445815e-06,
      "Well-adapted": 9.99999000001e-07,
      "FOR": 0.1,
      "Acute Fatigue": 0.3,
      "NFOR": 0.6,
      "OTS": 0.7999992000007999
    }
  },
  "subjective_sleep": {
    "good": {
      "Peak": 0.8421043767322349,
      "Well-adapted": 0.7499992500007501,
      "FOR": 0.35294117647058826,
      "Acute Fatigue": 0.4,
      "NFOR": 0.13043478260869565,
      "OTS": 0.1
    },
    "medium": {
      "Peak": 0.15789457063729403,
      "Well-adapted": 0.24999975000025002,
      "FOR": 0.4705882352941177,
      "Acute Fatigue": 0.4,
      "NFOR": 0.30434782608695654,
      "OTS": 0.2
    },
    "poor": {
      "Peak": 1.0526304709152937e-06,
      "Well-adapted": 9.99999000001e-07,
      "FOR": 0.17647058823529413,
      "Acute Fatigue": 0.2,
      "NFOR": 0.5652173913043479,
      "OTS": 0.7
    }
  },
  "sleep_performance": {
    "good": {
      "Peak": 0.7999992000008002,
      "Well-adapted": 0.6999993000007,
      "FOR": 0.25,
      "Acute Fatigue": 0.35,
      "NFOR": 0.2,
      "OTS": 0.15
    },
    "medium": {
      "Peak": 0.19999980000020004,
      "Well-adapted": 0.2999997000003,
      "FOR": 0.5,
      "Acute Fatigue": 0.5,
      "NFOR": 0.4,
      "OTS": 0.35
    },
    "poor": {
      "Peak": 9.99999000001e-07,
      "Well-adapted": 9.99999000001e-07,
      "FOR": 0.25,
      "Acute Fatigue": 0.15,
      "NFOR": 0.4,
      "OTS": 0.5
    }
  },
  "apple_sleep_score": {
    "excellent": {
      "Peak": 0.349467321398387,
      "Well-adapted": 0.14902326446498257,
      "FOR": 0.05042367022891015,
      "Acute Fatigue": 0.1914698402850526,
      "NFOR": 0.08995864003509077,
      "OTS": 0.05711088860521109
    },
    "good": {
      "Peak": 0.5358752938935973,
      "Well-adapted": 0.632222059401425,
      "FOR": 0.4522818852590097,
      "Acute Fatigue": 0.30194223613050375,
      "NFOR": 0.12800837543295626,
      "OTS": 0.08622557975763409
    },
    "fair": {
      "Peak": 0.1146553191219716,
      "Well-adapted": 0.2187474583769062,
      "FOR": 0.23167551396210945,
      "Acute Fatigue": 0.3393786620464323,
      "NFOR": 0.24162341553296277,
      "OTS": 0.19988831267401852
    },
    "poor": {
      "Peak": 1.415054427101477e-06,
      "Well-adapted": 6.366781000576454e-06,
      "FOR": 0.2278011778782881,
      "Acute Fatigue": 0.10338598144299385,
      "NFOR": 0.24054743554868757,
      "OTS": 0.2855544430292642
    },
    "very_poor": {
      "Peak": 6.505316169319708e-07,
      "Well-adapted": 8.509756858616457e-07,
      "FOR": 0.03781775267168261,
      "Acute Fatigue": 0.06382328009501755,
      "NFOR": 0.2998621334503026,
      "OTS": 0.3712207759338721
    }
  },
  "hrv_trend": {
    "rising": {
      "Peak": 0.494196477382889,
      "Well-adapted": 0.05745818619090958,
      "FOR": 0.02827715869911639,
      "Acute Fatigue": 0.08690985851818625,
      "NFOR": 0.0494129486829826,
      "OTS": 0.01052267884177204
    },
    "stable": {
      "Peak": 0.27842230095639053,
      "Well-adapted": 0.458912075944877,
      "FOR": 0.5773528625113107,
      "Acute Fatigue": 0.26874020842458035,
      "NFOR": 0.10485194265291399,
      "OTS": 0.052614121511649604
    },
    "slight_decline": {
      "Peak": 0.22738039608383226,
      "Well-adapted": 0.4836286229489559,
      "FOR": 0.2812613439931074,
      "Acute Fatigue": 0.2967104989844885,
      "NFOR": 0.15395382710234712,
      "OTS": 0.09504889230481514
    },
    "significant_decline": {
      "Peak": 8.255768882879745e-07,
      "Well-adapted": 1.1149152574665615e-06,
      "FOR": 0.11310863479646556,
      "Acute Fatigue": 0.347639434072745,
      "NFOR": 0.6917812815617562,
      "OTS": 0.8418143073417632
    }
  },
  "nutrition": {
    "adequate": {
      "Peak": 0.3846153846153846,
      "Well-adapted": 0.39999999999999997,
      "FOR": 0.2824858757062147,
      "Acute Fatigue": 0.3999999999999999,
      "NFOR": 0.19512195121951217,
      "OTS": 0.14634146341463417
    },
    "inadequate_mild": {
      "Peak": 0.3076923076923077,
      "Well-adapted": 0.26666666666666666,
      "FOR": 0.2542372881355932,
      "Acute Fatigue": 0.22857142857142856,
      "NFOR": 0.2439024390243902,
      "OTS": 0.21951219512195125
    },
    "inadequate_moderate": {
      "Peak": 0.23076923076923075,
      "Well-adapted": 0.2333333333333333,
      "FOR": 0.23728813559322032,
      "Acute Fatigue": 0.19999999999999996,
      "NFOR": 0.26829268292682923,
      "OTS": 0.29268292682926833
    },
    "inadequate_severe": {
      "Peak": 0.07692307692307693,
      "Well-adapted": 0.09999999999999999,
      "FOR": 0.22598870056497175,
      "Acute Fatigue": 0.1714285714285714,
      "NFOR": 0.2926829268292682,
      "OTS": 0.34146341463414637
    }
  },
  "restorative_sleep": {
    "high": {
      "Peak": 0.6799994560004352,
      "Well-adapted": 0.5555555555555555,
      "FOR": 0.33333333333333337,
      "Acute Fatigue": 0.23529411764705882,
      "NFOR": 0.05,
      "OTS": 1.0526304709152937e-06
    },
    "medium": {
      "Peak": 0.3199997440002048,
      "Well-adapted": 0.37037037037037035,
      "FOR": 0.44444444444444453,
      "Acute Fatigue": 0.41176470588235287,
      "NFOR": 0.25,
      "OTS": 0.15789457063729403
    },
    "low": {
      "Peak": 7.99999360000512e-07,
      "Well-adapted": 0.07407407407407407,
      "FOR": 0.22222222222222227,
      "Acute Fatigue": 0.3529411764705882,
      "NFOR": 0.7,
      "OTS": 0.8421043767322349
    }
  },
  "gi_symptoms": {
    "none": {
      "Peak": 0.9473674238237644,
      "Well-adapted": 0.8947359002779997,
      "FOR": 0.8,
      "Acute Fatigue": 0.7,
      "NFOR": 0.5,
      "OTS": 0.4
    },
    "mild": {
      "Peak": 0.05263152354576468,
      "Well-adapted": 0.10526304709152938,
      "FOR": 0.15,
      "Acute Fatigue": 0.25,
      "NFOR": 0.4,
      "OTS": 0.4
    },
    "severe": {
      "Peak": 1.0526304709152937e-06,
      "Well-adapted": 1.0526304709152937e-06,
      "FOR": 0.05,
      "Acute Fatigue": 0.05,
      "NFOR": 0.1,
      "OTS": 0.2
    }
  },
  "is_sick": {
    "true": {
      "Peak": 1.0,
      "Well-adapted": 1.0,
      "FOR": 1.0,
      "Acute Fatigue": 1.0,
      "NFOR": 1.0,
      "OTS": 1.0
    }
  },