{
  "subjective_fatigue": {
    "low": {
      "Peak": 0.8421043767322349,
      "Well-adapted": 0.6999993000007,
      "FOR": 0.2173913043478261,
      "Acute Fatigue": 0.05,
      "NFOR": 0.05263157894736842,
      "OTS": 1.0526304709152937e-06
    },
    "medium": {
      "Peak": 0.15789457063729403,
      "Well-adapted": 0.2999997000003,
      "FOR": 0.1739130434782609,
      "Acute Fatigue": 0.15,
      "NFOR": 0.10526315789473684,
      "OTS": 0.05263152354576469
    },
    "high": {
      "Peak": 1.0526304709152937e-06,
      "Well-adapted": 9.99999000001e-07,
      "FOR": 0.6086956521739131,
      "Acute Fatigue": 0.8,
      "NFOR": 0.8421052631578947,
      "OTS": 0.9473674238237645
    }
  },
  "muscle_soreness": {
    "low": {
      "Peak": 0.8888879012356653,
      "Well-adapted": 0.7499992500007501,
      "FOR": 0.2916666666666667,
      "Acute Fatigue": 0.1,
      "NFOR": 0.1,
      "OTS": 0.2
    },
    "medium": {
      "Peak": 0.11111098765445816,
      "Well-adapted": 0.24999975000025002,
      "FOR": 0.4166666666666667,
      "Acute Fatigue": 0.3,
      "NFOR": 0.4,
      "OTS": 0.5
    },
    "high": {
      "Peak": 1.1111098765445815e-06,
      "Well-adapted": 9.99999000001e-07,
      "FOR": 0.2916666666666667,
      "Acute Fatigue": 0.6,
      "NFOR": 0.5,
      "OTS": 0.3
    }
  },
  "subjective_stress": {
    "low": {
      "Peak": 0.8888879012356653,
      "Well-adapted": 0.6999993000007,
      "FOR": 0.4,
      "Acute Fatigue": 0.2,
      "NFOR": 0.1,
      "OTS": 9.999990000009998e-07
    },
    "medium": {
      "Peak": 0.11111098765445816,
      "Well-adapted": 0.2999997000003,
      "FOR": 0.5,
      "Acute Fatigue": 0.5,
      "NFOR": 0.3,
      "OTS": 0.19999980000019998
    },
    "high": {
      "Peak": 1.1111098765445815e-06,
      "Well-adapted": 9.99999000001e-07,
      "FOR": 0.1,
      "Acute Fatigue": 0.3,
      "NFOR": 0.6,
      "OTS": 0.7999992000007999
    }
  },
  "subjective_sleep": {
    "good": {
      "Peak": 0.8421043767322349,
      "Well-adapted": 0.7499992500007501,
      "FOR": 0.35294117647058826,
      "Acute Fatigue": 0.4,
      "NFOR": 0.13043478260869565,
      "OTS": 0.1
    },
    "medium": {
      "Peak": 0.15789457063729403,
      "Well-adapted": 0.24999975000025002,
      "FOR": 0.4705882352941177,
      "Acute Fatigue": 0.4,
      "NFOR": 0.30434782608695654,
      "OTS": 0.2
    },
    "poor": {
      "Peak": 1.0526304709152937e-06,
      "Well-adapted": 9.99999000001e-07,
      "FOR": 0.17647058823529413,
      "Acute Fatigue": 0.2,
      "NFOR": 0.5652173913043479,
      "OTS": 0.7
    }
  },
  "sleep_performance": {
    "good": {
      "Peak": 0.7999992000008002,
      "Well-adapted": 0.6999993000007,
      "FOR": 0.25,
      "Acute Fatigue": 0.35,
      "NFOR": 0.2,
      "OTS": 0.15
    },
    "medium": {
      "Peak": 0.19999980000020004,
      "Well-adapted": 0.2999997000003,
      "FOR": 0.5,
      "Acute Fatigue": 0.5,
      "NFOR": 0.4,
      "OTS": 0.35
    },
    "poor": {
      "Peak": 9.99999000001e-07,
      "Well-adapted": 9.99999000001e-07,
      "FOR": 0.25,
      "Acute Fatigue": 0.15,
      "NFOR": 0.4,
      "OTS": 0.5
    }
  },
  "apple_sleep_score": {
    "excellent": {
      "Peak": 0.4344983334741069,
      "Well-adapted": 0.32070121386540196,
      "FOR": 0.1097858980496093,
      "Acute Fatigue": 0.20977493952240836,
      "NFOR": 0.09073884452465647,
      "OTS": 0.05713721622149054
    },
    "good": {
      "Peak": 0.45601167535474074,
      "Well-adapted": 0.4893724109660382,
      "FOR": 0.2902046381977152,
      "Acute Fatigue": 0.26028222686211033,
      "NFOR": 0.12242362316613933,
      "OTS": 0.08580450397880554
    },
    "fair": {
      "Peak": 0.1094886898943316,
      "Well-adapted": 0.1899228792457935,
      "FOR": 0.3158624246468997,
      "Acute Fatigue": 0.3536213738866577,
      "NFOR": 0.24228503475753743,
      "OTS": 0.199980293251985
    },
    "poor": {
      "Peak": 7.357762309458083e-07,
      "Well-adapted": 2.816625087204689e-06,
      "FOR": 0.20180761556856872,
      "Acute Fatigue": 0.10639647988802103,
      "NFOR": 0.2420896824694785,
      "OTS": 0.28568608110803057
    },
    "very_poor": {
      "Peak": 5.655005898507932e-07,
      "Well-adapted": 6.792976792353004e-07,
      "FOR": 0.08233942353720697,
      "Acute Fatigue": 0.0699249798408028,
      "NFOR": 0.3024628150821882,
      "OTS": 0.3713919054396885
    }
  },
  "hrv_trend": {
    "rising": {
      "Peak": 0.6175417199623198,
      "Well-adapted": 0.17909906470318762,
      "FOR": 0.06861225095648875,
      "Acute Fatigue": 0.09734820078340117,
      "NFOR": 0.04989455512552818,
      "OTS": 0.010525677795832663
    },
    "stable": {
      "Peak": 0.300917913377806,
      "Well-adapted": 0.47754981942058944,
      "FOR": 0.36483592131712206,
      "Acute Fatigue": 0.21386883362598655,
      "NFOR": 0.10088505688785554,
      "OTS": 0.052628519996204264
    },
    "slight_decline": {
      "Peak": 0.08153958461655747,
      "Well-adapted": 0.3433497576794517,
      "FOR": 0.29210282390043424,
      "Acute Fatigue": 0.29939016245700756,
      "NFOR": 0.15069661622922179,
      "OTS": 0.09479157854135022
    },
    "significant_decline": {
      "Peak": 7.820433167935115e-07,
      "Well-adapted": 1.3581967712096038e-06,
      "FOR": 0.274449003825955,
      "Acute Fatigue": 0.3893928031336047,
      "NFOR": 0.6985237717573944,
      "OTS": 0.842054223666613
    }
  },
  "nutrition": {
    "adequate": {
      "Peak": 0.3846153846153846,
      "Well-adapted": 0.39999999999999997,
      "FOR": 0.2824858757062147,
      "Acute Fatigue": 0.3999999999999999,
      "NFOR": 0.19512195121951217,
      "OTS": 0.14634146341463417
    },
    "inadequate_mild": {
      "Peak": 0.3076923076923077,
      "Well-adapted": 0.26666666666666666,
      "FOR": 0.2542372881355932,
      "Acute Fatigue": 0.22857142857142856,
      "NFOR": 0.2439024390243902,
      "OTS": 0.21951219512195125
    },
    "inadequate_moderate": {
      "Peak": 0.23076923076923075,
      "Well-adapted": 0.2333333333333333,
      "FOR": 0.23728813559322032,
      "Acute Fatigue": 0.19999999999999996,
      "NFOR": 0.26829268292682923,
      "OTS": 0.29268292682926833
    },
    "inadequate_severe": {
      "Peak": 0.07692307692307693,
      "Well-adapted": 0.09999999999999999,
      "FOR": 0.22598870056497175,
      "Acute Fatigue": 0.1714285714285714,
      "NFOR": 0.2926829268292682,
      "OTS": 0.34146341463414637
    }
  },
  "restorative_sleep": {
    "high": {
      "Peak": 0.6799994560004352,
      "Well-adapted": 0.5555555555555555,
      "FOR": 0.33333333333333337,
      "Acute Fatigue": 0.23529411764705882,
      "NFOR": 0.05,
      "OTS": 1.0526304709152937e-06
    },
    "medium": {
      "Peak": 0.3199997440002048,
      "Well-adapted": 0.37037037037037035,
      "FOR": 0.44444444444444453,
      "Acute Fatigue": 0.41176470588235287,
      "NFOR": 0.25,
      "OTS": 0.15789457063729403
    },
    "low": {
      "Peak": 7.99999360000512e-07,
      "Well-adapted": 0.07407407407407407,
      "FOR": 0.22222222222222227,
      "Acute Fatigue": 0.3529411764705882,
      "NFOR": 0.7,
      "OTS": 0.8421043767322349
    }
  },
  "gi_symptoms": {
    "none": {
      "Peak": 0.9473674238237644,
      "Well-adapted": 0.8947359002779997,
      "FOR": 0.8,
      "Acute Fatigue": 0.7,
      "NFOR": 0.5,
      "OTS": 0.4
    },
    "mild": {
      "Peak": 0.05263152354576468,
      "Well-adapted": 0.10526304709152938,
      "FOR": 0.15,
      "Acute Fatigue": 0.25,
      "NFOR": 0.4,
      "OTS": 0.4
    },
    "severe": {
      "Peak": 1.0526304709152937e-06,
      "Well-adapted": 1.0526304709152937e-06,
      "FOR": 0.05,
      "Acute Fatigue": 0.05,
      "NFOR": 0.1,
      "OTS": 0.2
    }
  },
  "is_sick": {
    "true": {
      "Peak": 1.0,
      "Well-adapted": 1.0,
      "FOR": 1.0,
      "Acute Fatigue": 1.0,
      "NFOR": 1.0,
      "OTS": 1.0
    }
  },