{
  "subjective_fatigue": {
    "low": {
      "Peak": 0.8421043767322349,
      "Well-adapted": 0.6999993000007,
      "FOR": 0.2173913043478261,
      "Acute Fatigue": 0.05,
      "NFOR": 0.05263157894736842,
      "OTS": 1.0526304709152937e-06
    },
    "medium": {
      "Peak": 0.15789457063729403,
      "Well-adapted": 0.2999997000003,
      "FOR": 0.1739130434782609,
      "Acute Fatigue": 0.15,
      "NFOR": 0.10526315789473684,
      "OTS": 0.05263152354576469
    },
    "high": {
      "Peak": 1.0526304709152937e-06,
      "Well-adapted": 9.99999000001e-07,
      "FOR": 0.6086956521739131,
      "Acute Fatigue": 0.8,
      "NFOR": 0.8421052631578947,
      "OTS": 0.9473674238237645
    }
  },
  "muscle_soreness": {
    "low": {
      "Peak": 0.8888879012356653,
      "Well-adapted": 0.7499992500007501,
      "FOR": 0.2916666666666667,
      "Acute Fatigue": 0.1,
      "NFOR": 0.1,
      "OTS": 0.2
    },
    "medium": {
      "Peak": 0.11111098765445816,
      "Well-adapted": 0.24999975000025002,
      "FOR": 0.4166666666666667,
      "Acute Fatigue": 0.3,
      "NFOR": 0.4,
      "OTS": 0.5
    },
    "high": {
      "Peak": 1.1111098765445815e-06,
      "Well-adapted": 9.99999000001e-07,
      "FOR": 0.2916666666666667,
      "Acute Fatigue": 0.6,
      "NFOR": 0.5,
      "OTS": 0.3
    }
  },
  "subjective_stress": {
    "low": {
      "Peak": 0.8888879012356653,
      "Well-adapted": 0.6999993000007,
      "FOR": 0.4,
      "Acute Fatigue": 0.2,
      "NFOR": 0.1,
      "OTS": 9.999990000009998e-07
    },
    "medium": {
      "Peak": 0.11111098765445816,
      "Well-adapted": 0.2999997000003,
      "FOR": 0.5,
      "Acute Fatigue": 0.5,
      "NFOR": 0.3,
      "OTS": 0.19999980000019998
    },
    "high": {
      "Peak": 1.1111098765445815e-06,
      "Well-adapted": 9.99999000001e-07,
      "FOR": 0.1,
      "Acute Fatigue": 0.3,
      "NFOR": 0.6,
      "OTS": 0.7999992000007999
    }
  },
  "subjective_sleep": {
    "good": {
      "Peak": 0.8421043767322349,
      "Well-adapted": 0.7499992500007501,
      "FOR": 0.35294117647058826,
      "Acute Fatigue": 0.4,
      "NFOR": 0.13043478260869565,
      "OTS": 0.1
    },
    "medium": {
      "Peak": 0.15789457063729403,
      "Well-adapted": 0.24999975000025002,
      "FOR": 0.4705882352941177,
      "Acute Fatigue": 0.4,
      "NFOR": 0.30434782608695654,
      "OTS": 0.2
    },
    "poor": {
      "Peak": 1.0526304709152937e-06,
      "Well-adapted": 9.99999000001e-07,
      "FOR": 0.17647058823529413,
      "Acute Fatigue": 0.2,
      "NFOR": 0.5652173913043479,
      "OTS": 0.7
    }
  },
  "sleep_performance": {
    "good": {
      "Peak": 0.7999992000008002,
      "Well-adapted": 0.6999993000007,
      "FOR": 0.25,
      "Acute Fatigue": 0.35,
      "NFOR": 0.2,
      "OTS": 0.15
    },
    "medium": {
      "Peak": 0.19999980000020004,
      "Well-adapted": 0.2999997000003,
      "FOR": 0.5,
      "Acute Fatigue": 0.5,
      "NFOR": 0.4,
      "OTS": 0.35
    },
    "poor": {
      "Peak": 9.99999000001e-07,
      "Well-adapted": 9.99999000001e-07,
      "FOR": 0.25,
      "Acute Fatigue": 0.15,
      "NFOR": 0.4,
      "OTS": 0.5
    }
  },
  "apple_sleep_score": {
    "excellent": {
      "Peak": 0.3969350159929744,
      "Well-adapted": 0.22160904878391402,
      "FOR": 0.07511931371034677,
      "Acute Fatigue": 0.2019310074613237,
      "NFOR": 0.09041631090124176,
      "OTS": 0.057126121314690095
    },
    "good": {
      "Peak": 0.4912544383451072,
      "Well-adapted": 0.571417956431955,
      "FOR": 0.3854322504744837,
      "Acute Fatigue": 0.2785214282445798,
      "NFOR": 0.12477383430420041,
      "OTS": 0.08598195765854572
    },
    "fair": {
      "Peak": 0.11180890555499383,
      "Well-adapted": 0.2069673349295291,
      "FOR": 0.2664746147961606,
      "Acute Fatigue": 0.3472370039122095,
      "NFOR": 0.24198143713930778,
      "OTS": 0.19994152590622302
    },
    "poor": {
      "Peak": 1.037043010593252e-06,
      "Well-adapted": 4.881464724475007e-06,
      "FOR": 0.21663433573624888,
      "Acute Fatigue": 0.10500022456144574,
      "NFOR": 0.24144071465111075,
      "OTS": 0.2856306065750554
    },
    "very_poor": {
      "Peak": 6.030639139607398e-07,
      "Well-adapted": 7.783898773474769e-07,
      "FOR": 0.05633948528276007,
      "Acute Fatigue": 0.06731033582044124,
      "NFOR": 0.3013877030041392,
      "OTS": 0.37131978854548564
    }
  },
  "hrv_trend": {
    "rising": {
      "Peak": 0.56317648671665,
      "Well-adapted": 0.0983100763661861,
      "FOR": 0.04400624044082574,
      "Acute Fatigue": 0.09280000470269602,
      "NFOR": 0.049694273087409424,
      "OTS": 0.01052426712640238
    },
    "stable": {
      "Peak": 0.2911490779707545,
      "Well-adapted": 0.46618332946163493,
      "FOR": 0.49337236471868845,
      "Acute Fatigue": 0.2363160934013207,
      "NFOR": 0.10241953205326722,
      "OTS": 0.052621699415907525
    },
    "slight_decline": {
      "Peak": 0.14567363408156858,
      "Well-adapted": 0.43550539755322276,
      "FOR": 0.2865964330771828,
      "Acute Fatigue": 0.2996838830851992,
      "NFOR": 0.15216637163559152,
      "OTS": 0.09491266334549965
    },
    "significant_decline": {
      "Peak": 8.01231026986626e-07,
      "Well-adapted": 1.196618956113416e-06,
      "FOR": 0.17602496176330296,
      "Acute Fatigue": 0.37120001881078407,
      "NFOR": 0.6957198232237318,
      "OTS": 0.8419413701121904
    }
  },
  "nutrition": {
    "adequate": {
      "Peak": 0.3846153846153846,
      "Well-adapted": 0.39999999999999997,
      "FOR": 0.2824858757062147,
      "Acute Fatigue": 0.3999999999999999,
      "NFOR": 0.19512195121951217,
      "OTS": 0.14634146341463417
    },
    "inadequate_mild": {
      "Peak": 0.3076923076923077,
      "Well-adapted": 0.26666666666666666,
      "FOR": 0.2542372881355932,
      "Acute Fatigue": 0.22857142857142856,
      "NFOR": 0.2439024390243902,
      "OTS": 0.21951219512195125
    },
    "inadequate_moderate": {
      "Peak": 0.23076923076923075,
      "Well-adapted": 0.2333333333333333,
      "FOR": 0.23728813559322032,
      "Acute Fatigue": 0.19999999999999996,
      "NFOR": 0.26829268292682923,
      "OTS": 0.29268292682926833
    },
    "inadequate_severe": {
      "Peak": 0.07692307692307693,
      "Well-adapted": 0.09999999999999999,
      "FOR": 0.22598870056497175,
      "Acute Fatigue": 0.1714285714285714,
      "NFOR": 0.2926829268292682,
      "OTS": 0.34146341463414637
    }
  },
  "restorative_sleep": {
    "high": {
      "Peak": 0.6799994560004352,
      "Well-adapted": 0.5555555555555555,
      "FOR": 0.33333333333333337,
      "Acute Fatigue": 0.23529411764705882,
      "NFOR": 0.05,
      "OTS": 1.0526304709152937e-06
    },
    "medium": {
      "Peak": 0.3199997440002048,
      "Well-adapted": 0.37037037037037035,
      "FOR": 0.44444444444444453,
      "Acute Fatigue": 0.41176470588235287,
      "NFOR": 0.25,
      "OTS": 0.15789457063729403
    },
    "low": {
      "Peak": 7.99999360000512e-07,
      "Well-adapted": 0.07407407407407407,
      "FOR": 0.22222222222222227,
      "Acute Fatigue": 0.3529411764705882,
      "NFOR": 0.7,
      "OTS": 0.8421043767322349
    }
  },
  "gi_symptoms": {
    "none": {
      "Peak": 0.9473674238237644,
      "Well-adapted": 0.8947359002779997,
      "FOR": 0.8,
      "Acute Fatigue": 0.7,
      "NFOR": 0.5,
      "OTS": 0.4
    },
    "mild": {
      "Peak": 0.05263152354576468,
      "Well-adapted": 0.10526304709152938,
      "FOR": 0.15,
      "Acute Fatigue": 0.25,
      "NFOR": 0.4,
      "OTS": 0.4
    },
    "severe": {
      "Peak": 1.0526304709152937e-06,
      "Well-adapted": 1.0526304709152937e-06,
      "FOR": 0.05,
      "Acute Fatigue": 0.05,
      "NFOR": 0.1,
      "OTS": 0.2
    }
  },
  "is_sick": {
    "true": {
      "Peak": 1.0,
      "Well-adapted": 1.0,
      "FOR": 1.0,
      "Acute Fatigue": 1.0,
      "NFOR": 1.0,
      "OTS": 1.0
    }
  },